"species","mean_bill_length_mm","mean_bill_depth_mm","mean_flipper_length_mm","mean_body_mass_g"
"Adelie",38.7913907284768,18.346357615894,189.953642384106,3700.66225165563
"Chinstrap",48.8338235294118,18.4205882352941,195.823529411765,3733.08823529412
"Gentoo",47.5048780487805,14.9821138211382,217.186991869919,5076.0162601626
